Time,ED_AI_0364,ED_AI_0395,ED_AI_0339,ED_AI_0338,ED_AI_0337,ED_AI_0336,ED_AI_0436,ED_AI_0437,ED_AI_0438,ED_AI_0439,ED_AI_0316,ED_AI_0317,ED_AI_0318,ED_AI_0319,ED_AI_0419,ED_AI_0418,ED_AI_0417,ED_AI_0416,ED_AI_0387,ED_AI_0397,ED_AI_0487,ED_AI_0410,ED_AI_0310,ED_AI_0343,ED_AI_0443,ED_AI_0366,ED_AI_0367,ED_AI_0368,ED_AI_0369,ED_AI_0469,ED_AI_0468,ED_AI_0467,ED_AI_0466,EI_AI_0110,EH_AC_3034,EH_AC_3035,EH_AC_3037,EH_AC_3040,EH_AC_3053,EH_AC_3054,EH_AC_3056,EH_AC_3059
2015/08/25,22401.18945312,13856.3046875,309.73175049,338.51245117,333.24179077,324.37973022,326.8531189,328.64471436,339.94744873,301.73596191,630.66815186,614.73742676,637.69055176,601.17797852,581.48480225,624.4017334,607.5668335,601.43988037,1232.3248291,1193.10852051,1205.52319336,829.41052246,838.40264893,1.14488304,0.99293321,2.780761,2.75280046,2.66918254,2.62956691,2.68204951,2.79984045,2.79684091,2.68393993,711.86529541,13.48307705,30.01190186,29.3008213,10.90731525,13.55327034,31.0007,29.0536232,11.16367054
2015/08/26,22371.5234375,13776.06445313,309.97000122,338.33032227,334.45440674,324.49072266,326.9296875,328.7421875,341.39971924,303.99121094,631.99560547,616.72924805,637.96850586,602.74377441,584.47521973,626.50030518,608.45849609,601.55834961,1225.96179199,1188.29394531,1197.17492676,829.26025391,837.99615479,1.15397382,1.00090969,2.80589557,2.75993848,2.68806434,2.60828638,2.68415856,2.78421903,2.78093052,2.67620945,688.49517822,13.48307705,30.01190186,29.3008213,10.90731525,13.55327034,31.0007,29.0536232,11.16367054
2015/09/03,25086.47851562,14480.83496094,336.05352783,355.67941284,361.80718994,349.40338135,354.76550293,359.16873169,365.95535278,339.97155762,637.47686768,627.29473877,636.77001953,612.77423096,606.61975098,635.98504639,626.52416992,617.65692139,1207.16552734,1179.52978516,1210.91491699,819.16772461,826.67718506,1.01726735,0.92487103,2.803128,2.74946022,2.78605485,2.64931703,2.65269899,2.77659106,2.67544389,1.77040267,706.35247803,13.48307705,30.01190186,29.3008213,10.90731525,13.27322102,29.63027954,29.36383057,10.91577244
2015/09/04,25318.390625,13873.49804688,337.81985474,355.5151062,361.53588867,349.315979,354.60745239,358.32931519,364.45706177,338.4090271,638.46789551,628.16699219,638.16125488,614.65411377,607.35797119,636.09143066,628.1619873,618.87756348,1213.76464844,1185.82653809,1212.11804199,820.67449951,832.83551025,1.1123476,0.95210439,2.80183029,2.73416424,2.76698589,2.60062766,2.66650343,2.74821377,2.68003082,2.37035036,706.50744629,13.48307705,30.01190186,29.3008213,10.90731525,13.63264751,30.57047844,29.62034416,10.52281189
2015/09/05,25554.16992187,13903.07421875,335.20916748,353.75494385,357.99368286,345.131073,348.18273926,350.8664856,359.87860107,332.01077271,636.2598877,626.41522217,637.93371582,612.77423096,599.57629395,631.30444336,620.39123535,611.96014404,1217.90478516,1185.81945801,1206.81420898,817.12390137,827.61804199,1.04728067,0.94529051,2.79382706,2.75848269,2.7292037,2.58699012,2.68567514,2.80849338,2.73541403,2.17680573,706.87060547,13.48307705,30.01190186,29.3008213,10.90731525,13.44950676,30.15839195,29.38016891,10.95715237
2015/09/06,25598.48242187,13727.97070313,334.75543213,354.02227783,357.65509033,344.52072144,348.08535767,351.16040039,359.04074097,331.00256348,634.74407959,626.43682861,638.89453125,613.38464355,597.33251953,630.45562744,620.20892334,611.87359619,1220.0604248,1187.9987793,1208.26708984,818.80493164,829.62408447,1.0513978,0.95322961,2.79627967,2.67668366,2.73714495,2.60569215,2.6925106,2.78820372,2.72839952,1.72865152,707.13995361,13.48307705,30.01190186,29.3008213,10.90731525,13.41150475,30.1198616,29.30374908,10.94260693
2015/09/07,25591.765625,14195.57324219,334.54803467,355.17779541,358.05307007,344.71844482,347.97805786,351.02035522,360.12963867,332.3140564,635.52416992,626.24951172,639.21484375,612.11212158,600.08270264,632.66033936,620.72052002,612.77423096,1218.40185547,1186.9362793,1209.3223877,818.72369385,827.81677246,1.04990697,0.93514079,2.82899904,2.72387648,2.74722362,2.63167286,2.7476666,2.77567816,2.72014904,2.14855456,707.47650146,13.48307705,30.01190186,29.3008213,10.90731525,13.51877308,30.4943676,29.57711029,10.93134308
2015/09/08,24113.19140625,14207.37304688,341.13244629,359.25488281,363.32174683,350.48513794,354.28607178,359.15658569,367.71337891,339.0642395,638.31555176,630.84802246,642.29296875,616.61877441,605.1708374,638.43310547,628.80297852,619.78088379,1218.09643555,1186.91552734,1205.1817627,833.31890869,837.7043457,1.04863727,0.93067569,2.78302908,2.6924386,2.69039488,2.54219961,2.7185142,2.70479703,2.63944793,2.36746264,708.07611084,13.48307705,30.01190186,29.3008213,10.90731525,14.10263157,31.21128082,29.93865967,9.96429348
2015/09/09,24398.75976562,14378.21777344,341.74813843,361.54748535,364.3687439,350.85855103,355.11560059,358.47775269,368.42749023,339.34509277,642.04504395,632.91522217,645.76776123,619.85180664,606.4262085,639.81097412,628.83074951,619.61889648,1221.68457031,1185.02355957,1205.36083984,833.90917969,836.47412109,1.00656199,0.91403121,2.75876069,2.69120669,2.67717767,2.53141952,2.77129865,2.79838872,2.72519064,2.5339694,708.61962891,13.48307705,30.01190186,29.3008213,10.90731525,13.90005016,31.02694702,29.94872856,10.02835178
2015/09/10,24433.67578125,14876.46191406,346.33392334,363.75845337,368.03076172,352.77246094,360.09494019,363.44104004,371.69274902,345.01153564,642.11669922,635.05102539,646.50164795,622.52728271,612.45690918,644.18060303,634.29473877,625.27386475,1213.29284668,1184.31542969,1209.9798584,834.11523437,839.53985596,1.04350865,0.9373104,2.93922472,2.8372817,2.84983802,2.691957,2.75599694,2.83458853,2.76682734,2.59214497,708.45452881,13.48307705,30.01190186,29.3008213,10.90731525,14.10142231,31.27536774,29.99442673,9.8228426
2015/09/11,23844.81835937,15476.15722656,352.25177002,369.91122437,374.02542114,358.27355957,365.35980225,368.10702515,376.86837769,349.66531372,645.18145752,638.71356201,649.77923584,627.1171875,618.57769775,647.25006104,638.42028809,630.48596191,1211.85229492,1186.88391113,1212.32678223,832.92321777,837.61627197,0.97870857,0.84147555,3.07408309,2.96229577,2.97652221,2.79623699,2.69322181,2.87335849,2.80366778,2.62322211,708.54058838,13.48307705,30.01190186,29.3008213,10.90731525,14.38321114,30.34627342,30.81642151,10.04984283
2015/09/12,24442.97070312,15739.51367188,346.80773926,365.5461731,367.70941162,352.16607666,357.65509033,360.10467529,369.93170166,342.57000732,640.53649902,633.64929199,645.41485596,620.83575439,609.64477539,642.46051025,630.72900391,623.14996338,1213.86083984,1185.39697266,1211.60925293,830.96081543,834.50286865,1.12857223,1.02321231,3.05710149,2.97520828,2.96900201,2.84318733,2.76215959,2.8602519,2.78863335,2.62966967,708.50268555,13.48307705,30.01190186,29.3008213,10.90731525,13.99489975,31.32772446,30.10864067,10.08500481
2015/09/23,24252.29101562,16531.6953125,341.75149536,361.81011963,363.28637695,351.55175781,350.39474487,357.04476929,364.78317261,332.3140564,628.93591309,618.20507812,631.69458008,604.93664551,583.52288818,624.05322266,611.61834717,598.15252686,1200.7010498,1170.1628418,1179.3182373,820.68884277,824.15234375,0.90365797,0.82364857,2.98671865,2.92805696,2.93027139,2.56705952,2.86405158,3.00368619,2.78993726,2.20594764,699.67919922,13.48307705,30.01190186,29.3008213,10.90731525,13.4647665,29.16632843,29.78710365,11.46963596
2015/09/24,24390.40429687,16625.36132812,339.95544434,360.93484497,361.44033813,350.65188599,348.88021851,355.01559448,363.46987915,331.5954895,626.61395264,615.70446777,630.04327393,601.47088623,581.13952637,621.53814697,608.68737793,595.49591064,1209.07666016,1176.09375,1181.93444824,821.3324585,824.25708008,0.88342899,0.81845522,2.99170685,2.96046662,2.936342,2.47814465,2.91045022,3.04265785,2.91273332,2.54730773,699.65234375,13.48307705,30.01190186,29.3008213,10.90731525,13.50433636,29.20618629,29.82475662,11.46272564
2015/09/25,24281.76953125,16687.61523437,339.02774048,359.77908325,359.92666626,349.40338135,347.42443848,353.84912109,363.2527771,331.4107666,623.14996338,613.22650146,628,598.73657227,579.24462891,618.29650879,605.11932373,591.85473633,1211.64172363,1177.03625488,1185.15307617,816.29840088,818.99133301,1.09903276,1.03162003,2.95242119,2.95203495,2.89574432,2.76382446,2.88344097,2.98254681,2.54556108,2.34456325,700.53173828,13.48307705,30.01190186,29.3008213,10.90731525,13.18704796,29.06810379,29.50532532,11.45969963
2015/09/26,24515.93164062,16281.40820313,348.50009155,367.72732544,369.25610352,357.33770752,355.85308838,362.9130249,370.88989258,339.19387817,634.37646484,624.7098999,638.09973145,611.55358887,591.75390625,629.02825928,617.65576172,604.00793457,1206.46789551,1176.41601562,1182.54846191,827.08062744,830.40509033,1.08613276,1.0282563,2.98064089,2.96029162,2.91247535,2.69372153,2.90701461,2.99485207,2.60599232,2.57249832,700.68481445,13.48307705,30.01190186,29.3008213,10.90731525,13.62346268,30.78401947,30.1248188,10.84322643
2015/09/27,24545.23046875,16570.30273437,351.55175781,369.36471558,371.73098755,358.98757935,360.09643555,365.72702026,374.42703247,343.7517395,637.46203613,628.31640625,641.1673584,616.11889648,598.9362793,635.86901855,624.01025391,611.50311279,1206.62036133,1178.86987305,1186.81347656,833.7041626,837.36584473,1.12409282,1.06080425,3.12972569,3.03337908,3.0351162,2.98637581,2.89447665,3.07294178,2.92258024,2.80219126,700.34466553,13.48307705,30.01190186,29.3008213,10.90731525,13.62346268,30.78401947,30.1248188,10.84322643
2015/09/28,24480.39453125,16699,350.54507446,368.32369995,371.07846069,357.44134521,360.01885986,365.27206421,374.29196167,343.67614746,637.0489502,628.54052734,641.15771484,615.74041748,599.95471191,636.00244141,625.21911621,612.4206543,1210.61743164,1181.98925781,1192.76281738,833.64361572,837.52362061,1.1154927,1.03972936,3.084198,3.06292725,3.04470921,3.88906717,2.90547919,3.08846736,2.92899609,2.52409816,700.89031982,13.48307705,30.01190186,29.3008213,10.90731525,13.62346268,30.78401947,30.1248188,10.84322643
2015/09/29,25041.18945312,14963.30273438,349.4576416,365.65008545,369.00549316,355.5562439,362.54156494,367.08712769,373.73236084,346.67556763,633.43359375,625.52886963,638.4276123,613.77227783,604.84570312,636.51593018,627.20831299,616.4362793,1205.97192383,1179.86791992,1200.64428711,823.96954346,830.83178711,1.07260859,0.99352837,2.93215132,2.89983749,2.89503026,2.63541722,2.67464733,2.8993423,2.82385874,2.99993873,701.16503906,13.48307705,30.01190186,29.3008213,10.90731525,13.56041336,30.521595,29.71274757,10.62245369
2015/09/30,25682.30664062,14608.1328125,349.33297729,367.21905518,369.18533325,354.65588379,356.67269897,360.70251465,370.28948975,340.1701355,635.45654297,628.33007812,641.98840332,615.82592773,596.66900635,633.79431152,621.80645752,610.62591553,1211.63562012,1182.73510742,1195.98205566,818.65301514,826.62341309,0.91574103,0.82951337,2.91727471,2.86194181,2.86164999,2.77640462,2.78663564,2.93346167,2.85935235,2.99993873,701.82403564,13.48307705,30.01190186,29.3008213,10.90731525,13.54917908,29.2667942,29.29864693,11.20337772
2015/10/01,25939.0546875,13663.16894531,347.27944946,364.56027222,366.73522949,352.7545166,356.09014893,360.76473999,370.86761475,339.95544434,634.3381958,626.80322266,640.84954834,614.77575684,597.95349121,634.76000977,622.82550049,611.53912354,1213.59313965,1185.40991211,1195.73864746,822.0401001,824.9342041,0.92472333,0.84190458,2.80632305,2.81270766,2.7668519,2.47888947,2.64454865,2.80984879,2.62611389,2.99993873,701.78234863,13.48307705,30.01190186,29.3008213,10.90731525,13.37499046,29.84884262,29.6513176,11.15745068
2015/10/02,25993.74023437,13667.16308594,346.06472778,364.22134399,364.98504639,351.55175781,355.58010864,359.49203491,368.64108276,339.63809204,632.03173828,624.26812744,639.31152344,611.91088867,597.25946045,632.37823486,621.00152588,610.24523926,1210.25915527,1184.02575684,1200.28491211,815.18359375,821.5010376,0.9319101,0.83946586,2.83889818,2.80215764,2.75111842,2.66079688,2.66130829,2.84439182,2.69838238,2.99993873,703.18847656,13.48307705,30.01190186,29.3008213,10.90731525,13.11819172,29.3087635,29.33059692,11.4172163
2015/10/03,25540.13867187,13469.25,353.99310303,370.48538208,371.79000854,358.28845215,362.20278931,367.42483521,376.29678345,346.75149536,639.70812988,634.21136475,646.47570801,622.05096436,607.28131104,642.06677246,630.75415039,619.38427734,1213.73779297,1185.23535156,1197.81359863,829.25183105,832.68798828,0.94458115,0.84778738,2.81931376,2.73791432,2.71220994,2.63845587,2.5910182,2.77769065,2.70470452,2.99993873,709.07385254,13.48307705,30.01190186,29.3008213,10.90731525,13.75086689,30.67428398,30.14369965,10.30510139
2015/10/04,25596.85351562,13224.08984375,349.98355103,367.64523315,368.03387451,354.28607178,358.55838013,364.60934448,373.41989136,343.09741211,637.04168701,629.54620361,644.71374512,618.71136475,602.9262085,639.31488037,628.33428955,615.26855469,1213.80688477,1187.03552246,1199.23010254,826.64520264,831.96508789,0.94365072,0.8459112,2.78665543,2.74401402,2.70745015,2.29703617,2.66196489,2.7627058,2.63328314,2.99993873,711.60528564,13.48307705,30.01190186,29.3008213,10.90731525,13.87056065,30.12471771,30.22348022,10.33566952
2015/10/05,25163.10742187,13236.90820313,353.67575073,370.46795654,372.909729,356.87792969,367.42700195,372.30310059,379.0274353,351.74206543,637.15710449,631.89801025,646.09362793,620.82885742,611.84655762,644.0435791,636.24169922,624.80517578,1201.39953613,1183.04772949,1203.80236816,828.29602051,833.48846436,0.94558138,0.8527317,2.75892425,2.67118073,2.69002342,2.4514699,2.42848563,2.70084667,2.60482597,2.99993873,711.03759766,13.48307705,30.01190186,29.3008213,10.90731525,13.9316988,30.49490166,30.56919861,10.27070141
2015/11/06,25946.6640625,13236.34863281,340.65957642,365.00186157,365.71356201,357.12582397,355.50671387,363.75845337,372.13116455,341.46905518,645.73510742,629.95739746,644.51159668,615.82592773,605.85852051,639.01855469,627.42230225,615.30938721,1232.35144043,1188.33850098,1190.77905273,827.61383057,834.87872314,1.01724398,0.84175825,2.76296258,2.79867673,2.7772212,2.804214,2.62191582,2.80465055,1.66289639,2.36290526,696.52532959,13.48307705,30.01190186,29.3008213,10.90731525,14.06835938,31.23967743,29.13775444,10.58773708
2015/11/07,25660.91015625,12925.32714844,340.89868164,366.2472229,366.3767395,360.87634277,362.24572754,372.31762695,372.30007935,345.95544434,645.0736084,627.36694336,641.71777344,611.56164551,607.76672363,635.56658936,635.98651123,621.62030029,1237.7454834,1196.75683594,1203.06140137,828.3145752,839.18701172,1.02803969,0.84690517,2.73334956,2.85812283,2.76866817,3.07284427,2.56420565,2.86718297,2.37216544,2.32248783,696.0914917,13.48307705,30.01190186,29.3008213,10.90731525,14.13854313,31.84207726,29.28138924,10.42699051
2015/11/08,21401.18945312,12364.3203125,331.57757568,359.76669312,356.82241821,352.08099365,351.09222412,358.79336548,361.15042114,332.23300171,637.78961182,618.5602417,637.43255615,603.6192627,584.96411133,617.94989014,612.55133057,601.72796631,1216.22399902,1151.09375,1173.20397949,822.83154297,833.82043457,1.04564726,0.88967073,2.23320413,2.2812264,2.18801689,2.28149486,2.42471695,2.59675574,2.0515027,2.12890434,696.57293701,13.48307705,30.01190186,29.3008213,10.90731525,14.48713684,31.65684891,29.56321907,10.40681171
2015/11/09,20468.20703125,11812.14941406,340.52810669,370.02005005,368.74893188,361.39474487,359.66976929,363.44104004,367.15463257,335.51898193,643.35424805,628.93591309,643.9329834,613.04840088,584.66040039,620.324646,613.58874512,607.69543457,1196.06774902,1133.03320312,1162.01342773,823.08416748,833.10266113,1.02714109,0.87949574,2.12217093,2.16108346,2.07552457,2.27865624,2.35773516,2.45616555,2.1233809,2.02680278,696.45257568,13.48307705,30.01190186,29.3008213,10.90731525,14.49878407,31.97362137,29.45659256,10.33456326
2015/11/10,20793.73046875,11942.83300781,329.08163452,372.30310059,370.47207642,364.95324707,365.28936768,369.87036133,370.49069214,334.42608643,644.66790771,625.91992187,644.14337158,606.75848389,587.59741211,629.2532959,626.34576416,620.70855713,1213.83776855,1144.56713867,1169.47265625,829.5012207,837.75250244,1.07058227,0.91472518,2.2762382,2.38609862,2.27446771,2.25630641,2.3197031,2.35416436,2.19839025,2.08765531,697.19903564,13.48307705,30.01190186,29.3008213,10.90731525,14.55427742,32.50417709,29.42733192,9.74025345
2015/11/11,22391.63085937,13454.63378906,309.66690063,360.69683838,355.63500977,352.45504761,357.36740112,358.36468506,359.01669312,321.70166016,630.36254883,610.63531494,631.08428955,582.4473877,571.52197266,615.4866333,613.13134766,611.23620605,1225.23266602,1156.98193359,1182.60864258,818.42913818,826.6383667,1.06780648,0.90343064,2.53952813,2.64874578,2.48242855,2.36588192,2.5486908,2.63474488,2.14887309,2.01866865,712.94622803,13.48307705,30.01190186,29.3008213,10.90731525,13.85453701,30.56965446,29.5602932,10.85829067
2015/11/12,23446.71289062,14546.54980469,332.92440796,360.39868164,358.50952148,351.55175781,355.80389404,355.82009888,357.32971191,320.27215576,631.22271729,613.55773926,632.26953125,597.19854736,568.85577393,613.65039062,610.02856445,609.95574951,1237.91503906,1173.8737793,1196.09179687,817.0791626,827.87042236,1.09549248,0.937222,2.68638802,2.78078198,2.65637374,2.76016212,2.76975179,2.8160162,2.37416601,2.75842571,713.24926758,13.48307705,30.01190186,29.3008213,10.90731525,13.705863,30.04852486,29.23367882,11.11178875
2015/11/13,22434.12695312,13187.39941406,331.72003174,360.57669067,357.65509033,351.55175781,355.51849365,355.06787109,355.83496094,320.04779053,630.21783447,611.0300293,631.0758667,594.71569824,569.58666992,612.40582275,609.6842041,608.98907471,1224.90893555,1155.06994629,1181.47290039,812.72302246,826.57788086,1.06320596,0.95593208,2.44394898,2.64302087,2.44660378,2.42562342,2.53599238,2.58049512,2.28570366,1.84261191,712.69824219,13.48307705,30.01190186,29.3008213,10.90731525,13.70697021,30.30280685,29.5417881,11.09990311
2015/11/14,23060.3203125,13803.33300781,333.14660645,363.14810181,360.65835571,354.59259033,357.80722046,357.94805908,357.94805908,319.85913086,635.51660156,616.72924805,635.7310791,599.49182129,571.5645752,615.36419678,614.6975708,613.06719971,1239.38305664,1170.88964844,1194.12268066,819.79937744,832.09997559,1.04059815,0.99923897,2.54096222,2.71283412,2.52842569,2.56361389,2.66313648,2.70804358,2.27627158,2.60283947,714.49383545,13.48307705,30.01190186,29.3008213,10.90731525,13.94085598,30.78096771,29.68022156,10.69063377
2015/11/15,22901.33789062,13156.63867188,333.36907959,361.69226074,360.09051514,353.03674316,358.83242798,358.79223633,357.20947266,319.20977783,635.03918457,618.39013672,635.65643311,601.0324707,571.84552002,616.1663208,617.74121094,616.15338135,1236.1862793,1167.92443848,1193.27868652,822.16815186,832.98602295,1.06424379,0.91410774,2.50276089,2.77916527,2.49684429,2.49092102,2.62743688,2.62774777,2.46098661,2.58725643,714.84759521,13.48307705,30.01190186,29.3008213,10.90731525,14.04767036,30.9640789,29.60295296,10.50141907
2015/11/16,22422.6875,13394.26757813,331.3795166,361.31710815,358.84896851,352.1769104,355.9045105,357.40802002,354.54373169,315.83508301,635.01275635,616.50805664,635.35662842,599.24182129,568.2623291,614.60571289,616.21655273,612.77423096,1231.81604004,1163.00524902,1192.74572754,820.97845459,830.77355957,1.06604767,0.96300346,2.46562481,2.70230031,2.46953773,1.57227111,2.62780833,2.64249754,2.48442817,2.70753384,715.33178711,13.48307705,30.01190186,29.3008213,10.90731525,14.04586792,30.70148849,29.61460876,10.4788065
2015/11/17,24274.50390625,14702.24023438,331.1574707,360.19552612,358.65844727,351.22879028,355.86743164,356.1300354,354.4616394,315.83508301,635.65606689,618.52154541,635.96691895,601.25158691,570.55224609,616.74133301,617.13781738,614.98956299,1247.75610352,1191.40661621,1209.62548828,820.52062988,829.9574585,1.08550942,0.93295878,2.74762297,2.98697138,2.70330977,2.2760148,2.88115907,2.92473936,2.57295394,2.86922908,716.18994141,13.48307705,30.01190186,29.3008213,10.90731525,14.03439045,30.54395294,29.71310234,10.4997015
2015/11/18,23387.3828125,13268.13378906,328.25042725,357.91946411,355.45263672,348.24298096,352.23614502,353.97924805,349.72079468,312.85394287,631.60638428,614.28186035,633.15814209,596.67675781,565.64733887,610.9432373,613.13134766,610.03704834,1236.6237793,1170.46447754,1195.28601074,814.97827148,825.46606445,1.09453666,0.93878454,2.51612186,2.79893064,2.49755096,2.74778152,2.70373654,2.69065809,2.51160407,2.824435,719.56604004,13.48307705,30.01190186,29.3008213,10.90731525,13.74248409,30.32305145,29.75554848,10.89510727
2015/11/25,24149.00390625,14183.81445313,326.62664795,357.30691528,353.06539917,347.13241577,353.67575073,358.26544189,355.04083252,319.0987854,633.28851318,614.73022461,635.20397949,599.27581787,570.54949951,615.38317871,616.72924805,610.1539917,1249.43688965,1190.77905273,1213.82312012,811.4319458,826.77374268,1.09969556,0.96577281,2.60584044,2.86449981,2.53179288,2.5761292,2.99654078,2.93931007,3.00171185,2.79978037,716.74157715,13.48307705,30.01190186,29.3008213,10.90731525,13.58204174,29.6305275,29.22027397,10.95597172
2015/11/26,23141.85546875,14209.98535156,332.30401611,362.51647949,359.48608398,351.49676514,352.45504761,358.55838013,352.56005859,314.28070068,634.65124512,617.91516113,637.33874512,601.78826904,564.34777832,611.55358887,616.22814941,607.90545654,1236.89624023,1178.06872559,1202.92651367,814.49291992,826.24658203,1.12995625,0.98278594,2.62199044,2.90587354,2.53648615,2.46442938,2.95423174,2.8329761,3.17321372,2.79978037,713.33258057,13.48307705,30.01190186,29.3008213,10.90731525,13.79952621,30.15524483,29.94400406,10.9947176
2015/11/27,24167.19335937,14385.87597656,325.91778564,357.60632324,353.67575073,348.03143311,354.40600586,359.89901733,354.28607178,319.61642456,632.26605225,612.45690918,633.18237305,595.24945068,575.98175049,618.46783447,621.71289062,613.99493408,1243.04003906,1194.93457031,1208.78063965,814.66436768,829.73803711,1.13142252,1.00145388,2.76200795,3.10840893,2.69718957,2.5453999,2.90977168,2.8546617,3.05852032,2.79978037,714.77862549,13.48307705,30.01190186,29.3008213,10.90731525,13.61088753,30.21834946,29.6230526,10.84010506
2015/11/28,23651.26171875,13829.03417969,326.32730103,358.61431885,353.77526855,348.96072388,354.6104126,360.38937378,356.56274414,320.72155762,631.37719727,611.402771,633.02801514,593.25134277,577.375,619.43450928,621.32861328,613.99493408,1244.12548828,1186.87585449,1203.02429199,813.00653076,828.95025635,1.10632324,0.97089136,2.68855143,3.02355528,2.59319782,2.59187675,2.79017973,2.76715016,3.0043211,2.79978037,715.62219238,13.48307705,30.01190186,29.3008213,10.90731525,13.62346268,30.1034565,29.48501205,10.85848618
2015/11/29,22303.98828125,13461.98632813,310.52554321,362.71612549,356.83782959,353.01153564,359.62258911,364.36120605,362.22039795,326.49847412,631.65478516,610.4901123,633.77154541,589.49273682,579.18188477,621.5067749,621.21343994,615.11578369,1240.11474609,1168.55200195,1191.2947998,811.86657715,827.06622314,1.09046102,0.9556185,2.53116941,2.93331552,2.47393584,2.85341287,2.66921949,2.61231112,2.94759774,2.79978037,715.60296631,13.48307705,30.01190186,29.3008213,10.90731525,13.71807003,30.1980648,29.68535423,10.90624905
2015/11/30,22339.16796875,13502.15722656,331.85934448,365.63113403,359.52362061,355.61315918,361.31710815,365.5894165,364.94448853,327.91314697,633.69268799,612.96075439,635.93664551,595.87609863,582.76782227,624.62719727,622.222229,616.59527588,1242.02844238,1169.76855469,1189.46936035,813.69232178,829.43756104,1.09107554,0.94632477,2.5425179,2.94464087,2.48291326,2.53887391,2.68257141,2.60932207,2.92616916,2.79978037,716.23724365,13.48307705,30.01190186,29.3008213,10.90731525,13.84319687,30.28351593,29.58769417,10.86764145
2015/12/01,21176.44921875,13099.02441406,335.90698242,368.98614502,362.22039795,358.49163818,364.66171265,368.0871582,368.30084229,331.50531006,635.40759277,614.144104,637.7979126,598.78863525,582.46124268,624.00891113,621.73046875,617.13092041,1223.99865723,1152.24182129,1175.62561035,811.53344727,826.61651611,1.08052421,0.94005615,2.37967896,2.77758694,2.3337841,2.36313939,2.57199216,2.53386188,3.02227283,2.79978037,715.84667969,13.48307705,30.01190186,29.3008213,10.90731525,13.81480312,30.19048691,29.66808891,10.8712244
2015/12/02,23678.66796875,14296.53320313,328.02246094,361.11309814,355.50671387,351.55175781,354.63061523,358.03897095,358.62390137,322.18743896,631.80792236,611.16571045,634.42889404,594.40338135,578.59558105,620.95062256,618.02258301,612.94610596,1249.08435059,1187.80322266,1203.04663086,814.6583252,830.89343262,1.12815201,0.99075574,2.73542976,3.18300176,2.67649555,2.50382781,2.83043551,2.77269864,3.12956309,2.79978037,717.21984863,13.48307705,30.01190186,29.3008213,10.90731525,13.6902504,30.46836281,29.26125526,10.83446121
2015/12/03,24631.88867187,13822.19140625,321.46627808,359.49514771,354.70385742,349.46731567,355.88491821,358.95526123,358.90570068,323.8878479,635.72033691,616.64111328,638.23016357,596.5300293,584.93127441,625.89227295,622.84326172,619.78088379,1243.68103027,1200.96557617,1215.32507324,818.76873779,835.24383545,1.15482807,1.0130043,2.77663612,3.20389295,2.71511483,2.77529764,2.90612674,2.84337902,3.27359509,2.79978037,710.48724365,13.48307705,30.01190186,29.3008213,10.90731525,13.60461903,31.28147125,29.16654015,10.70749283
2015/12/04,25490.83398437,13734.75097656,332.92440796,364.73031616,360.70675659,354.60342407,357.33770752,359.09893799,360.44030762,325.30743408,639.95111084,621.59423828,641.81939697,604.52258301,588.4130249,628.4543457,625.15698242,622.53955078,1238.97705078,1202.20593262,1219.54467773,815.24859619,836.99731445,1.13479114,0.99743932,2.90022492,3.29808164,2.81071711,2.93496132,2.86371779,2.85154128,3.30458498,2.79978037,711.04595947,13.48307705,30.01190186,29.3008213,10.90731525,13.45866299,31.19906998,29.0383606,10.89205551
2015/12/05,25772.50976562,14212.484375,335.20455933,366.28875732,362.95126343,355.99917603,355.99520874,357.15682983,358.87576294,323.96530151,640.9677124,623.0736084,642.93267822,606.3649292,586.19598389,627.04724121,623.0647583,620.78900146,1239.45056152,1202.01452637,1219.83911133,814.96777344,837.51568604,1.15769732,1.00755632,2.98652482,3.3817215,2.90429139,3.04286599,2.92053962,2.90194082,3.53949594,2.79978037,710.59735107,13.48307705,30.01190186,29.3008213,10.90731525,13.446455,31.29367828,29.13602066,10.93783379
2015/12/06,25692.265625,14133.25,335.68313599,367.2520752,363.02728271,356.55026245,355.22680664,356.18386841,357.99517822,321.88049316,642.61273193,624.28210449,644.50561523,609.09069824,585.05133057,625.66564941,622.98828125,621.34118652,1239.68457031,1199.70629883,1216.76525879,813.98461914,836.66204834,1.14957058,1.0131371,2.91750526,3.40149474,2.90799689,3.09667349,2.9240551,2.90798998,3.59957647,2.79978037,709.55047607,13.48307705,30.01190186,29.3008213,10.90731525,13.4647665,31.19204903,29.25359344,10.99078178
2015/12/07,25694.43554687,14350.57519531,335.78488159,366.81011963,362.73074341,355.54943848,355.24041748,356.61581421,357.74526978,323.47644043,642.97357178,625.59124756,645.21691895,611.23095703,587.49035645,627.51727295,624.12567139,622.6605835,1236.27636719,1198.71435547,1216.72070312,814.87237549,837.16357422,1.20559156,1.07412326,3.00877523,3.42762375,2.92179036,2.95381117,2.98503113,2.97292018,3.66189861,2.79978037,707.58892822,13.48307705,30.01190186,29.3008213,10.90731525,13.60024643,31.50691605,29.02522659,10.85994339
2015/12/08,23619.87695312,13166.36425781,324.14544678,362.32489014,352.88061523,349.49993896,351.84472656,350.99334717,352.11590576,316.17861938,634.62451172,611.26678467,638.69390869,594.4642334,579.82202148,620.83410645,617.08508301,618.5602417,1234.97180176,1190.57751465,1202.62011719,810.74920654,832.99145508,1.16989625,1.02074778,2.76101875,3.23167515,2.66376734,2.81753683,2.69268322,2.6823864,3.34850693,2.79978037,706.53594971,13.48307705,30.01190186,29.3008213,10.90731525,13.76690006,31.54698372,29.45341492,11.01412964
2015/12/09,25496.58007812,14254.86816406,330.9201355,364.5579834,360.09643555,352.77246094,355.51260376,355.32260132,356.37567139,323.47644043,640.23016357,622.83258057,643.31658936,605.61773682,584.99188232,623.25109863,619.36712646,620.39123535,1235.41540527,1200.04467773,1220.77624512,807.45483398,836.53173828,1.12609148,0.98425102,2.92462087,3.34023857,2.81251931,3.03139806,2.95093489,2.99984598,3.61099958,2.79978037,707.90234375,13.48307705,30.01190186,29.3008213,10.90731525,13.4907217,30.65083504,28.86704063,11.18276215
2015/12/10,24968.63671875,14183.10253906,332.79174805,367.39587402,360.76446533,355.76138306,364.45397949,363.39907837,364.03884888,332.34353638,639.88244629,621.00152588,643.10015869,604.44622803,597.07244873,632.08068848,630.02966309,630.15655518,1243.35070801,1206.17358398,1219.52490234,816.74304199,837.30865479,1.15863323,1.01203644,2.97243333,3.47808218,2.88634586,3.36161613,2.85927081,2.87869048,3.59209156,2.79978037,708.605896,13.48307705,30.01190186,29.3008213,10.90731525,13.80405426,31.29871941,29.17264366,10.78524113
2015/12/11,23907.47070312,13673.36914063,328.2232666,364.36050415,355.87512207,351.62902832,361.49658203,359.1177063,359.85635376,326.47628784,633.9800415,613.09069824,638.56964111,596.29528809,589.28430176,626.34655762,623.20678711,626.20159912,1243.9942627,1193.27990723,1205.59716797,812.9586792,834.52227783,1.19692039,1.04688072,2.88205266,3.34223676,2.7513895,2.47319698,2.75140572,2.77653289,3.58309937,2.79978037,708.15698242,13.48307705,30.01190186,29.3008213,10.90731525,13.73027706,31.23504448,29.12235641,10.79359055
2015/12/12,23981.71289062,13383.23925781,318.90649414,360.38937378,350.89096069,347.17318726,356.56854248,355.45571899,356.43441772,321.77404785,631.53308105,608.60186768,636.36914062,591.67596436,579.97143555,620.39263916,617.65692139,619.72900391,1246.02307129,1187.15625,1204.51586914,812.52166748,830.14434814,1.19349205,1.06130409,2.79297018,3.29200363,2.662642,2.85909724,2.81451702,2.82813144,3.56058383,2.79978037,709.22399902,13.48307705,30.01190186,29.3008213,10.90731525,13.48784351,31.0832386,28.47298241,10.99794483
2015/12/13,25004.13671875,12998.92871094,325.47909546,360.70675659,352.77029419,347.34588623,353.99310303,356.05371094,355.97488403,321.03512573,629.60687256,610.26361084,636.07330322,593.59851074,576.44726562,617.91967773,615.82592773,613.67755127,1246.61767578,1189.42822266,1210.55969238,811.82598877,828.06585693,1.18267918,1.05314219,2.80007815,3.19815063,2.64797831,2.69441271,2.88532758,2.8916676,3.46739197,2.79978037,721.26715088,13.48307705,30.01190186,29.3008213,10.90731525,13.26334476,30.82369614,28.64162064,11.11789227
2015/12/14,24976.90820312,13005.61523438,327.69354248,363.91967773,355.35159302,349.40338135,354.60342407,357.96347046,356.6378479,321.58404541,631.37719727,611.85644531,638.78845215,594.40979004,574.93365479,617.69281006,616.82739258,613.38464355,1245.64099121,1188.79516602,1211.88891602,815.52093506,830.83673096,1.18716097,1.05311084,2.80206323,3.24523592,2.67771697,2.80411768,2.94735098,2.92969656,3.55494952,2.79978037,722.0567627,13.48307705,30.01190186,29.3008213,10.90731525,13.26931,31.20541382,28.12770844,10.85704803
2015/12/15,24312.07226562,13438.63964844,333.15670776,366.93844604,360.84085083,351.29656982,350.94143677,355.82409668,354.79519653,316.76278687,633.6317749,618.37695312,641.56512451,601.6784668,566.68762207,613.38464355,611.48980713,607.28894043,1242.87451172,1182.84362793,1210.24194336,814.59552002,827.60064697,1.18131113,1.09877014,2.75347614,3.20589137,2.61566997,2.85156989,3.02353191,2.95443535,3.86484599,2.79978037,722.33459473,13.48307705,30.01190186,29.3008213,10.90731525,13.29903889,30.82475853,28.51503563,11.04716969
2015/12/16,23532.58398437,13295.15039063,328.62460327,364.22842407,354.8137207,349.19522095,359.07965088,362.33560181,358.77841187,324.80935669,626.83416748,606.88909912,634.68463135,590.03961182,577.09234619,618.25842285,619.96759033,617.18481445,1242.29736328,1177.15161133,1195.87683105,812.24224854,828.99725342,1.16004288,1.01711607,2.76720333,3.27123356,2.62504625,3.09571409,2.83706546,2.81836319,3.95298767,2.79978037,719.95812988,13.48307705,30.01190186,29.3008213,10.90731525,13.41898918,31.06479073,28.74843407,11.12704849
2015/12/17,24136.05664062,14690.23730469,326.82107544,363.54595947,353.67575073,348.71136475,358.5508728,358.96340942,355.32003784,323.88671875,626.78839111,605.90777588,632.76617432,588.53338623,576.66729736,615.22741699,617.28857422,617.22363281,1241.24267578,1191.53308105,1202.59924316,804.85174561,828.54541016,1.12470686,0.99846852,2.93277788,3.47928619,2.76252341,3.18686461,2.94029975,2.93564177,3.78686285,2.79978037,719.55413818,13.48307705,30.01190186,29.3008213,10.90731525,13.28218651,30.05634308,28.89199257,11.4920702
2015/12/18,23679.11132812,13302.66113281,319.81445313,358.17849731,346.85595703,342.39675903,351.85324097,354.84008789,349.11044312,317.04290771,623.44287109,601.17797852,631.18469238,583.49353027,569.22808838,608.50189209,612.82525635,611.16918945,1239.40332031,1175.20202637,1193.31018066,802.46228027,828.30517578,1.18275416,1.06067979,2.76126504,3.30162406,2.59351921,2.78701806,2.8634429,2.85922289,3.83793998,2.79978037,719.96612549,13.48307705,30.01190186,29.3008213,10.90731525,13.02608681,30.47670937,28.26848793,11.40384197
2015/12/23,22440.19140625,14164.97167969,334.46377563,363.01422119,357.95718384,353.47161865,345.92913818,351.81088257,361.82278442,330.71392822,627.20257568,605.8729248,630.3649292,594.72821045,577.73852539,616.32458496,599.26104736,590.4329834,1215.10095215,1163.0982666,1166.99938965,814.68811035,823.85888672,1.10656619,1.14117229,2.45348859,2.66909385,2.41281319,1.83662462,2.4984777,2.54091072,1.95874536,2.79978037,720.49816895,13.48307705,30.01190186,29.3008213,10.90731525,13.77605534,30.28351593,29.91424179,10.92562675
2015/12/24,23268.58984375,14725.56542969,331.5177002,361.21237183,356.11706543,350.68789673,345.29000854,348.84841919,359.53717041,327.91558838,626.20159912,604.70648193,629.2532959,592.37591553,574.93365479,614.75726318,596.82727051,591.3572998,1221.06030273,1173.91638184,1179.86791992,814.90649414,824.41674805,1.18786895,1.16152024,2.5537827,2.78238225,2.54755044,2.13608742,2.61957788,2.71518302,2.12748647,2.79978037,719.92474365,13.48307705,30.01190186,29.3008213,10.90731525,13.65398216,30.45137024,29.57853889,10.9439373
2015/12/25,23666.31640625,14927.14257813,329.66516113,362.22039795,356.72741699,351.81228638,346.11611938,350.24203491,360.47390747,328.09707642,627.39416504,606.17663574,631.32440186,591.4309082,576.08789062,616.50640869,599.34698486,593.31164551,1231.96350098,1181.20776367,1185.54821777,814.97369385,824.61914062,1.21012056,1.16556764,2.62705302,2.84858584,2.62194824,2.24194312,2.6786232,2.77277708,2.18946791,2.79978037,721.02258301,13.48307705,30.01190186,29.3008213,10.90731525,13.72378254,30.2723732,29.60231209,10.85969162
2015/12/26,23475.01757812,14831.5625,332.18136597,362.0045166,355.59344482,351.13894653,346.05877686,350.06005859,359.855896,327.74880981,625.88421631,604.99658203,630.07305908,593.64642334,574.65985107,614.83105469,598.12628174,592.78955078,1231.15576172,1177.8840332,1185.09460449,811.77276611,820.70129395,1.19736028,1.08087802,2.6109159,2.84867215,2.57251263,1.9801271,2.67441416,2.75191188,2.33496571,2.79978037,711.18365479,13.48307705,30.01190186,29.3008213,10.90731525,13.59042454,30.12176704,29.05972672,11.23691463
2015/12/27,23475.25976562,14961.34667969,332.67663574,362.3039856,356.00634766,350.94143677,346.35171509,350.01373291,359.87063599,327.82730103,625.88421631,604.9006958,630.49023437,593.9185791,575.2265625,614.4755249,598.12628174,592.98455811,1229.87487793,1177.8840332,1183.5703125,811.72131348,821.24713135,1.21803641,1.1549114,2.60632706,2.84384942,2.5889585,2.1277833,2.69678497,2.79914093,2.49528623,2.79978037,710.85772705,13.48307705,30.01190186,29.3008213,10.90731525,13.57821751,30.27741241,29.23062706,11.24607086
2015/12/28,23459.40625,14898.23535156,331.83334351,362.21939087,356.06314087,351.01098633,346.6690979,350.62405396,359.45465088,328.04174805,625.92510986,605.39215088,630.28039551,592.61645508,575.43688965,614.05743408,598.48236084,593.53656006,1229.46386719,1177.68017578,1186.61816406,812.14196777,821.13098145,1.21427178,1.20125473,2.64866495,2.84791374,2.58660555,2.13251853,2.70956683,2.75903678,2.56823087,2.79978037,711.1696167,13.48307705,30.01190186,29.3008213,10.90731525,13.55021858,30.18280602,29.08414078,11.23691463
2015/12/29,23472.94921875,14773.27148438,325.40072632,359.16323853,353.49084473,348.48242188,344.09408569,347.88977051,356.72741699,325.78991699,621.77758789,600.59100342,626.1550293,587.34387207,571.24237061,609.67547607,593.87939453,589.65032959,1226.68139648,1174.73474121,1179.67810059,812.02667236,820.62750244,1.17311573,1.14867485,2.65754485,2.84147525,2.61755753,2.60042953,2.65019226,2.77708364,2.76603484,2.79978037,709.63757324,13.48307705,30.01190186,29.3008213,10.90731525,13.38396072,30.43319702,29.01699829,11.60843658
2015/12/30,22502.52929687,14329.86132813,335.46731567,365.27206421,360.57702637,354.89639282,350.91009521,353.83154297,363.0345459,331.91107178,625.20214844,605.12042236,629.01275635,591.99615479,574.8661499,612.94836426,597.80889893,593.24365234,1213.11706543,1158.32543945,1170.46447754,813.00415039,821.30731201,1.16250336,1.31955624,2.50328922,2.72380185,2.4232676,2.35642767,2.58947206,2.64111805,2.48474383,2.79978037,709.4642334,13.48307705,30.01190186,29.3008213,10.90731525,13.29386234,30.42283821,28.62025833,11.47747803
2015/12/31,22472.23046875,14260.10742188,332.50112915,364.73019409,358.59326172,353.68405151,349.44979858,353.01644897,361.6781311,331.21624756,623.61096191,603.71258545,629.22247314,589.82128906,574.36932373,611.98077393,596.95300293,592.17272949,1213.23522949,1157.05383301,1170.46447754,812.76525879,821.21209717,1.16668689,1.19825387,2.53675032,2.72132564,2.42670012,2.33759832,2.57620001,2.67434335,2.49741769,2.79978037,709.94073486,13.48307705,30.01190186,29.3008213,10.90731525,13.15454102,30.3231926,28.45545769,11.35182095
2016/01/01,23597.68164062,15015.0390625,334.65509033,363.80953979,358.16073608,353.99310303,351.23440552,354.60342407,363.63555908,333.9197998,626.74414062,605.55072021,630.67541504,593.53656006,580.74798584,616.88238525,602.4163208,598.14147949,1234.10693359,1181.85168457,1187.06787109,814.67523193,823.62677002,1.16432667,1.1844821,2.67685771,2.9047718,2.58522844,2.78830624,2.68953681,2.82553315,2.63233423,2.79978037,709.23626709,13.48307705,30.01190186,29.3008213,10.90731525,13.40067673,30.15441895,28.95096397,11.21686268
2016/01/02,24570.96875,15072.23925781,339.98669434,369.86175537,365.30548096,360.79855347,355.5057373,359.19577026,368.42163086,339.08407593,635.19714355,615.0168457,637.96295166,602.7567749,586.36865234,622.9621582,607.05523682,602.50067139,1231.79980469,1185.77453613,1188.4967041,815.69604492,823.52832031,1.16039801,1.92078102,2.81577659,3.0309751,2.75871539,2.38716912,2.83968568,2.96798635,2.76462078,2.79978037,709.37994385,13.48307705,30.01190186,29.3008213,10.90731525,13.27356625,29.97673416,29.21842003,11.26743412
2016/01/03,24465.16992187,15294.55371094,334.92816162,364.3687439,358.75653076,353.99310303,346.88537598,350.73937988,361.31710815,331.09341431,633.30700684,613.44647217,637.30426025,601.11877441,582.25762939,619.65643311,602.4508667,597.72662354,1237.39916992,1189.02380371,1191.77087402,816.71820068,824.51470947,1.10435832,1.23801327,2.75590563,2.97426248,2.74703288,2.45643687,2.82998705,2.94231462,2.72276163,2.79978037,709.53955078,13.48307705,30.01190186,29.3008213,10.90731525,13.26944828,29.91729355,29.32218361,11.355937
2016/01/04,24173.83398437,15255.54492188,331.55114746,363.31466675,357.95605469,353.72079468,349.59469604,353.12200928,362.8921814,333.11569214,633.26989746,611.53131104,635.59112549,597.95153809,585.75750732,621.15991211,605.94256592,600.67895508,1232.75720215,1186.78967285,1190.28979492,819.35748291,825.78442383,1.09983599,1.13040185,2.77591324,2.98108125,2.74832726,2.36748457,2.76620126,2.88306451,2.6470232,2.79978037,710.80108643,13.48307705,30.01190186,29.3008213,10.90731525,13.09770298,29.78606987,29.06572723,11.13293743
2016/01/05,24200.82617187,15253.79101563,330.06015015,361.61520386,355.76531982,351.43423462,347.79611206,351.23440552,361.61669922,332.35693359,630.34661865,608.39660645,633.66082764,594.72180176,584.15991211,620.61499023,603.01550293,599.37628174,1232.77197266,1184.01452637,1190.359375,816.67883301,823.8348999,1.11137104,1.22567773,2.77723169,2.99786353,2.75361705,2.4272902,2.7685492,2.89804149,2.81687737,2.79978037,710.2791748,13.48307705,30.01190186,29.3008213,10.90731525,13.06802654,29.70671654,28.99563599,11.20639706
2016/01/06,24482.03320312,16262.39355469,327.9552002,360.70675659,354.10681152,351.18106079,352.77246094,354.93716431,363.44104004,336.39389038,629.89593506,607.19873047,632.82843018,593.46447754,590.80865479,624.80450439,609.96508789,605.76269531,1228.44177246,1191.77087402,1198.56835937,816.4989624,826.70013428,1.16439617,1.13292992,2.95218945,3.20798707,2.94026899,2.50961137,2.82658362,3.03145146,2.64046311,2.79978037,710.55999756,13.48307705,30.01190186,29.3008213,10.90731525,13.03908443,29.7829113,29.10835075,11.25122547
2016/01/07,24466.86914062,16085.31933594,329.27990723,361.49917603,354.21902466,351.49691772,353.99310303,355.21704102,364.61108398,336.71908569,629.54620361,606.30859375,633.52557373,593.85394287,591.09521484,625.03131104,609.32318115,606.35357666,1223.21899414,1195.6184082,1200.77197266,818.36309814,828.7288208,1.11924899,1.09055674,2.9629426,3.17511058,2.9151721,2.64274287,2.84021211,3.02040911,2.61019802,2.79978037,711.0145874,13.48307705,30.01190186,29.3008213,10.90731525,13.04255581,29.79533386,28.92291832,11.16189957
2016/01/08,24436.34179687,16254.79003906,333.06646729,362.22039795,356.36026001,351.76205444,355.50082397,356.77304077,364.66171265,338.5213623,630.2244873,608.79290771,633.81854248,598.581604,594.00891113,626.0402832,612.43109131,608.48187256,1214.01721191,1185.25012207,1197.46972656,815.86401367,826.37799072,1.18502033,1.15671527,2.94797063,3.20152569,2.93454814,2.82011437,2.83351421,3.02691174,2.97635937,2.79978037,707.93774414,13.48307705,30.01190186,29.3008213,10.90731525,13.19315147,30.13092613,29.52360535,11.41697502
2016/01/09,24487.5390625,16310.67675781,333.8135376,364.30709839,357.39248657,353.73052979,348.8949585,351.37069702,360.70675659,332.39709473,634.3951416,613.60766602,638.70123291,600.30444336,585.37805176,621.31896973,603.65332031,599.5980835,1227.87634277,1184.02783203,1191.22961426,818.24707031,828.58404541,1.18263948,1.16342854,2.90386343,3.12092733,2.8916862,2.60311031,2.92852616,3.08180523,2.90856409,2.79978037,708.67877197,13.48307705,30.01190186,29.3008213,10.90731525,13.02688122,30.13672256,29.00931358,11.16924763
2016/01/10,24407.14453125,16218.578125,334.06387329,364.40939331,357.60229492,353.45983887,350.21704102,352.44842529,361.59008789,333.58343506,635.35662842,613.4621582,639.67944336,602.5546875,588.08624268,623.2699585,607.45605469,601.94952393,1230.97155762,1188.3190918,1196.08337402,817.9083252,827.69366455,1.17075789,1.17737889,2.94724751,3.12407875,2.90407586,2.43586087,2.92862701,3.04461217,2.91161871,2.79978037,709.52380371,13.48307705,30.01190186,29.3008213,10.90731525,13.187994,30.12208176,29.40100479,11.14157581
2016/01/11,24451.25390625,16313.078125,327.27929688,358.46734619,350.22714233,346.97036743,348.03735352,350.01373291,357.40991211,330.93966675,624.4909668,601.3291626,629.86358643,589.93414307,582.86798096,617.08007812,602.33428955,598.77734375,1219.97607422,1186.66320801,1191.77087402,811.15484619,821.1809082,1.30580902,1.18401062,2.90482783,3.15260887,2.8902843,3.12673306,2.85470176,3.04957867,2.72958779,2.79978037,715.41497803,13.48307705,30.01190186,29.3008213,10.90731525,13.25554752,29.64568138,29.1116066,11.25625229
2016/01/12,24503.59765625,15654.88671875,331.85336304,363.33508301,355.49673462,352.08233643,347.01696777,349.8343811,358.71829224,329.44137573,631.07104492,610.91461182,638.07873535,599.68035889,581.64727783,617.5324707,602.19110107,598.12628174,1237.49108887,1191.06689453,1196.73046875,818.4777832,826.83105469,1.2903192,1.26252735,2.83508182,3.03973842,2.77072477,2.76087713,2.82895684,2.98109126,2.73290372,2.79978037,716.79949951,13.48307705,30.01190186,29.3008213,10.90731525,13.62504959,30.73592377,29.48442078,10.83108044
2016/01/13,24496.40625,16257.5546875,335.97607422,366.99459839,359.6385498,356.2315979,352.92282104,354.32015991,364.0513916,335.13510132,634.12609863,612.91241455,638.84051514,601.37866211,585.4520874,622.83258057,605.7432251,602.06085205,1239.29370117,1192.76281738,1200.24072266,817.5402832,825.78295898,1.28517044,1.23088753,2.89935255,3.13943195,2.82939243,2.87159395,2.93988872,3.01480007,2.60137796,2.79978037,717.28015137,13.48307705,30.01190186,29.3008213,10.90731525,13.75469303,30.24079132,29.60295296,10.88900375
2016/01/14,24461.265625,16145.93457031,337.88644409,369.30004883,359.90588379,357.13540649,353.74429321,355.35116577,364.44229126,335.85079956,633.9017334,612.55969238,639.65716553,602.69158936,585.60223389,622.94140625,605.77606201,602.46203613,1243.32104492,1195.22290039,1202.45178223,815.82928467,823.8885498,1.25063539,1.23452568,2.8650291,3.09545922,2.82075477,2.1793735,2.94256806,3.03061867,2.57209659,2.79978037,719.1204834,13.48307705,30.01190186,29.3008213,10.90731525,13.65563107,29.70671654,29.62431526,10.8310194
2016/01/15,24423.171875,15726.9296875,339.46691895,370.0562439,361.9274292,357.67456055,350.66491699,351.09048462,362.07382202,331.32589722,638.15283203,617.94989014,644.38934326,607.44720459,582.9284668,622.83258057,604.24377441,601.64819336,1241.72363281,1192.67138672,1200.33850098,818.71038818,826.33026123,1.29508555,1.18329692,2.78937793,3.09050417,2.7809341,2.67034078,2.93919683,2.98918223,2.77581477,2.79978037,713.17315674,13.48307705,30.01190186,29.3008213,10.90731525,13.31522655,30.454422,29.41373825,10.7832613
2016/01/16,24449,16294.88574219,335.90423584,369.42785645,359.48608398,357.21582031,352.05151367,351.30929565,362.24456787,332.74188232,636.2598877,614.50585937,642.11334229,604.51635742,582.86798096,622.37554932,603.27258301,601.62432861,1243.86657715,1195.40808105,1202.68212891,818.12316895,825.41375732,1.26553309,1.23005688,2.84325981,3.1132021,2.841429,2.96479607,2.98645282,3.05315089,2.64837074,2.79978037,714.14935303,13.48307705,30.01190186,29.3008213,10.90731525,13.36710739,30.24079132,29.48088074,11.04159641
2016/01/17,24479.85351562,13585.52148438,331.98699951,366.07357788,355.68276978,355.5949707,350.94143677,350.01373291,361.20254517,331.07669067,635.70275879,612.92919922,640.99334717,599.22442627,583.90496826,623.72399902,604.83990479,603.06646729,1243.09765625,1194.7467041,1205.30358887,818.19628906,825.98602295,1.21946168,1.16329336,2.60665584,2.84753752,2.5384841,2.22630072,2.68975043,2.7222054,2.59271574,2.79978037,714.73944092,13.48307705,30.01190186,29.3008213,10.90731525,13.22596645,30.722826,29.15722656,10.83932495
2016/01/18,24503.40039062,15128.25097656,336.96856689,370.22070313,360.99972534,360.08703613,354.91699219,353.83966064,365.60891724,336.3717041,639.08880615,616.4161377,644.19421387,605.42230225,588.36096191,626.20159912,607.47564697,605.75262451,1245.00708008,1197.45947266,1206.75915527,819.39239502,827.00482178,1.20559156,1.14915502,2.73355198,3.00699592,2.69081855,2.49804664,2.8672893,2.92235374,2.57756186,2.79978037,713.99700928,13.48307705,30.01190186,29.3008213,10.90731525,13.19315147,30.0668354,29.31608009,10.88290024
2016/01/19,24338.99414062,15300.9140625,344.07305908,371.55291748,362.8203125,360.94363403,353.94192505,352.88659668,364.32022095,335.30862427,641.31567383,620.33508301,646.38513184,609.54486084,586.46313477,625.27386475,606.21105957,603.70697021,1245.20654297,1195.31225586,1203.43762207,821.02844238,828.97705078,1.21945536,1.17465436,2.74298382,3.03347278,2.71321368,2.05106616,2.88196087,2.92469716,2.76407385,2.79978037,714.58880615,13.48307705,30.01190186,29.3008213,10.90731525,13.24696064,30.39739799,29.45309067,10.78989792
2016/01/20,24448.63671875,15463.48828125,342.13409424,370.4234314,361.52072144,360.00302124,355.50671387,354.60342407,365.98623657,337.80514526,641.08508301,620.05218506,645.953125,610.33294678,588.03479004,626.21459961,606.47808838,604.43634033,1246.4810791,1198.53259277,1205.65783691,820.43518066,826.90759277,1.23133278,1.18517685,2.76793313,3.01633763,2.67643118,2.50955367,2.96467733,3.01041126,2.58062959,2.79978037,714.75628662,13.48307705,30.01190186,29.3008213,10.90731525,13.26944828,30.14923668,29.33133888,10.82186317
2016/01/21,24496.40625,14924.54589844,339.29800415,370.71646118,362.21472168,360.00463867,353.96282959,352.16210938,364.19110107,335.68313599,641.05773926,619.95336914,646.02520752,608.8972168,587.75061035,625.95666504,605.96881104,604.52258301,1248.08081055,1198.07507324,1206.53100586,820.2364502,827.55871582,1.22726762,1.16910565,2.75448203,2.93473911,2.64780688,2.49015856,2.8490572,2.9324801,2.66781569,2.79978037,715.04876709,13.48307705,30.01190186,29.3008213,10.90731525,13.23738194,30.2918911,29.33357048,10.75468159
2016/01/22,24474.8828125,14649.8203125,344.87210083,373.08120728,364.0513916,362.44570923,355.50671387,353.67575073,366.38037109,336.95941162,642.97039795,621.92926025,647.55877686,612.82305908,588.91412354,627.46801758,607.28131104,605.96856689,1244.4230957,1197.38671875,1207.24194336,820.23376465,826.22259521,1.17188227,1.09375322,2.69042015,2.9214642,2.62910628,2.64720964,2.81639624,2.86842489,2.62662387,2.79978037,715.81152344,13.48307705,30.01190186,29.3008213,10.90731525,13.15120411,30.2148304,29.3168335,10.81883621
2016/01/23,24462.00195312,13985.5546875,340.15988159,370.21502686,360.32937622,360.65194702,357.33770752,355.10968018,367.10079956,339.02774048,640.6829834,617.89801025,644.72619629,607.53216553,592.22906494,628.91033936,610.32904053,609.21575928,1248.18811035,1199.23010254,1208.04602051,819.36126709,827.2590332,1.19593441,1.16771805,2.6282177,2.87386584,2.59946465,2.65795231,2.74704099,2.80514908,2.7426734,2.79978037,714.8203125,13.48307705,30.01190186,29.3008213,10.90731525,13.32060909,30.62155151,29.48620796,10.77454281
2016/01/24,24113.68554687,13996.64453125,330.00479126,364.38635254,354.35171509,355.50860596,353.70996094,351.5151062,363.46987915,334.39321899,635.96691895,612.03656006,639.92736816,600.87286377,585.6619873,625.34265137,607.62017822,604.93066406,1246.87805176,1199.91894531,1206.99987793,816.60314941,823.77301025,1.40183127,1.33652604,2.66430855,2.9644773,2.63547325,2.61109185,2.85217023,2.85493064,2.71721458,2.79978037,712.91473389,13.48307705,30.01190186,29.3008213,10.90731525,13.33964062,30.9640789,29.37711716,10.78524113
2016/01/25,24505.34960937,14125.63671875,331.80938721,363.03222656,352.02554321,353.06539917,352.45504761,348.7930603,359.96960449,333.6138916,630.2532959,605.93438721,634.69824219,595.01989746,580.42657471,617.612854,599.02954102,599.90100098,1240.05688477,1192.28674316,1198.50183105,805.39025879,816.1262207,1.35119557,1.29733229,2.6535542,2.87540746,2.58994961,3.01981068,2.81877112,2.90444684,2.87152386,2.79978037,712.43664551,13.48307705,30.01190186,29.3008213,10.90731525,12.99855137,30.03613663,29.21076012,11.65675545
2016/01/26,24515.27734375,13230.95117188,335.36572266,363.35040283,354.56222534,353.29089355,351.0473938,347.87051392,358.87576294,331.4107666,632.30493164,610.56982422,637.8782959,599.83917236,580.02166748,619.22277832,599.63989258,599.78063965,1238.3371582,1189.93640137,1198.57177734,808.39025879,815.79400635,1.38823926,1.40020204,2.58041024,2.8358922,2.48936987,2.98777843,2.72896814,2.80399489,2.80218816,2.79978037,712.41375732,13.48307705,30.01190186,29.3008213,10.90731525,13.01614475,30.47883606,29.19782448,11.49097252
2016/01/28,24486.52539062,12868.22167969,337.43041992,368.32369995,358.87576294,359.10519409,356.44329834,353.67575073,364.86260986,337.4197998,640.19702148,617.30133057,644.18621826,605.46612549,589.99530029,628.59075928,609.69165039,608.68518066,1239.32263184,1194.90393066,1200.72387695,816.67053223,826.08081055,1.23181605,1.23683214,2.51839018,2.80218339,2.46601939,2.32589746,2.66018772,2.67868924,2.77585721,2.79978037,710.97845459,13.48307705,30.01190186,29.3008213,10.90731525,13.41600323,31.19041634,28.92885017,10.95534611
2016/01/29,22614.12890625,11930.94238281,348.11791992,376.98199463,366.98846436,366.03286743,361.76733398,359.23150635,370.92987061,341.76171875,642.36322021,621.31896973,647.14416504,611.10839844,590.48492432,629.86358643,610.8326416,610.26580811,1224.17724609,1171.29919434,1186.2421875,820.74255371,828.57391357,1.16702318,1.17431343,2.28742123,2.54143047,2.24367905,2.44030118,2.45111036,2.44682002,2.80610132,2.79978037,710.84136963,13.48307705,30.01190186,29.3008213,10.90731525,13.58683968,31.47678947,28.98648071,10.51973057
2016/01/30,24521.61132812,12947.04785156,333.22869873,362.64437866,353.29516602,352.68533325,349.72079468,346.35171509,358.13253784,330.19012451,631.17871094,608.18457031,635.99420166,596.85778809,578.65264893,618.58282471,598.79443359,598.73657227,1239.92590332,1188.05859375,1193.75476074,809.41186523,817.58532715,1.24304616,1.15809274,2.5533843,2.76150393,2.47804737,2.60762715,2.64665294,2.7212472,2.93594408,2.79978037,719.39398193,13.48307705,30.01190186,29.3008213,10.90731525,13.27860355,30.44526672,27.94209099,11.36654758
2016/01/31,24504.01757812,12938.92578125,338.52700806,366.34979248,358.69570923,355.91052246,352.21035767,349.90084839,362.07992554,332.63146973,635.69421387,615.09277344,640.58508301,604.13598633,581.94024658,623.61254883,602.6651001,601.91693115,1238.90698242,1190.44335937,1200.34387207,819.41937256,820.69122314,1.38687432,1.35123396,2.55679774,2.7889607,2.50257897,1.84384382,2.73427486,2.78603458,2.72108722,2.79978037,718.71643066,13.48307705,30.01190186,29.3008213,10.90731525,13.52275181,31.71788788,28.33788681,10.75472355
2016/02/01,23360.0546875,12677.01660156,337.31323242,363.14523315,355.8840332,352.70819092,353.400177,351.00662231,362.10696411,333.71112061,630.83947754,611.52844238,638.09539795,601.12884521,584.4710083,624.56311035,605.43518066,603.0513916,1227.00170898,1179.93920898,1190.50537109,820.54431152,818.03717041,1.3715626,1.28417432,2.48640513,2.71221304,2.43208313,1.98872626,2.59692144,2.62366629,2.88715053,2.79978037,709.16485596,13.48307705,30.01190186,29.3008213,10.90731525,13.42253017,31.50915337,28.42874146,10.90237045
2016/02/02,22085.34960937,14420.40234375,343.23580933,371.55148315,362.13864136,360.09643555,357.65509033,355.04864502,365.6836853,338.35635376,633.81854248,613.25469971,640.23925781,603.33575439,584.3815918,622.87139893,604.53436279,603.5333252,1225.43286133,1170.87963867,1184.2076416,813.409729,817.77416992,1.39398444,1.32257819,2.58661485,2.7983191,2.51227999,2.90502238,2.72198105,2.79732275,2.77350593,2.79978037,707.29449463,13.48307705,30.01190186,29.3008213,10.90731525,13.50444126,30.03631783,28.56532669,10.86153793
2016/02/03,23654.70117187,13874.125,338.94451904,367.11853027,359.48608398,355.04244995,350.94143677,349.27120972,359.06567383,331.13391113,633.50598145,615.21563721,639.65820312,604.20501709,579.42932129,618.48065186,600.43457031,599.27783203,1235.82922363,1185.91540527,1198.24755859,810.52148437,813.57397461,1.44565761,1.45161223,2.62129998,2.84999251,2.55047274,2.58362222,2.78122067,2.82373071,2.69970512,2.79978037,707.0010376,13.48307705,30.01190186,29.3008213,10.90731525,13.48772526,30.54175186,28.62018013,11.28109646
2016/02/04,24158.61523437,13973.45507813,339.12173462,368.38848877,359.38879395,355.82409668,349.69793701,348.50009155,358.39987183,330.37722778,632.80163574,613.06719971,639.40551758,602.48840332,578.27825928,617.33953857,598.89019775,596.59332275,1237.80993652,1188.96179199,1199.8236084,807.36791992,811.60552979,1.20025229,1.18711817,2.57718039,2.82434988,2.51606154,2.24785161,2.66922998,2.7545855,2.64890814,2.79978037,718.47918701,13.48307705,30.01190186,29.3008213,10.90731525,13.48424435,29.64191246,28.71646309,11.72498608
2016/02/05,24488.56640625,13459.22851563,337.80706787,366.87350464,357.65509033,354.89639282,349.11044312,347.95935059,358.16275024,329.8727417,633.66583252,613.19525146,639.81329346,602.90258789,579.61346436,617.87054443,600.41357422,597.71002197,1242.15136719,1191.77087402,1202.24597168,805.5970459,812.32739258,1.23048627,1.24097228,2.52779317,2.69371533,2.44254947,2.61956334,2.6199007,2.6737709,2.67033029,2.79978037,719.58331299,13.48307705,30.01190186,29.3008213,10.90731525,13.32118797,29.61966705,28.39216995,11.63553619
2016/02/06,24427.71484375,13379.71777344,336.90377808,365.51248169,356.95211792,353.67575073,350.2489624,349.26550293,359.41137695,331.00491333,632.59790039,612.9911499,639.01971436,602.79058838,581.03045654,619.22570801,602.19970703,598.97460937,1238.48449707,1191.2947998,1200.76196289,807.39959717,811.47106934,1.23919296,1.26925802,2.50419974,2.73917413,2.47127056,1.73947251,2.66504598,2.71053863,2.70379567,2.79978037,719.24560547,13.48307705,30.01190186,29.3008213,10.90731525,13.24198055,29.76470375,28.59889603,11.61839676
2016/02/07,24539.86914062,13231.90917969,335.18084717,364.3687439,355.82409668,351.84472656,348.97460938,347.76724243,358.21182251,329.56143188,631.24517822,611.23620605,637.99591064,600.77935791,579.63677979,618.32116699,600.47961426,598.73657227,1238.89379883,1188.44616699,1198.43493652,806.97918701,810.73706055,1.31091619,1.27293825,2.53173661,2.73771954,2.46909142,2.05127525,2.65833712,2.74112368,2.81526399,2.79978037,718.63873291,13.48307705,30.01190186,29.3008213,10.90731525,13.15652847,29.92950058,28.47987366,11.61229324
2016/02/08,24427.23046875,13868.22851563,334.54574585,363.84353638,354.74334717,350.99645996,345.76889038,343.94924927,353.99310303,326.21075439,629.34484863,609.4052124,636.17181396,598.46636963,572.5980835,612.21069336,593.90808105,592.43719482,1238.52685547,1190.55114746,1197.89355469,802.07543945,809.63305664,1.28271961,1.28936172,2.54632235,2.75152159,2.50195098,2.40409374,2.76495028,2.79695415,2.73321199,2.79978037,718.34118652,13.48307705,30.01190186,29.3008213,10.90731525,13.09244061,29.41373825,28.50123596,11.94189262
2016/02/09,24495.91015625,13224.40527344,331.80847168,361.27890015,352.71862793,348.3644104,345.30450439,343.91040039,353.42822266,324.99008179,630.13568115,610.4987793,636.87023926,600.04052734,577.0904541,616.4362793,599.02954102,596.92736816,1239.89880371,1191.2956543,1198.91894531,806.67773437,812.47540283,1.32249367,1.41361451,2.55085015,2.73113847,2.46384335,2.41704917,2.6969409,2.73245978,2.88333726,2.79978037,718.82055664,13.48307705,30.01190186,29.3008213,10.90731525,13.22817612,30.14923668,28.6178627,11.51463413
2016/02/10,24185.16992187,13061.07519531,328.27825928,358.87576294,348.66616821,346.57791138,346.23706055,343.37368774,352.77371216,325.82046509,626.44573975,604.36907959,632.80236816,594.10632324,577.81164551,615.21563721,598.50268555,598.90625,1237.48144531,1189.31091309,1196.31982422,802.21069336,810.50415039,1.33366585,1.38684714,2.57886887,2.77053475,2.48654795,2.28547764,2.62413716,2.65009093,2.96352983,2.79978037,716.03106689,13.48307705,30.01190186,29.3008213,10.90731525,12.91848564,29.5052948,29.0383606,11.56651497
2016/02/11,24105.82421875,13223.73242188,332.92440796,362.97683716,354.1060791,351.14385986,349.40338135,347.18548584,356.21542358,329.26239014,631.74182129,611.23620605,637.45935059,600.7512207,582.27172852,619.18041992,603.21221924,601.86291504,1239.91564941,1189.78710937,1196.57568359,805.95733643,814.42346191,1.3382982,1.32875848,2.52498746,2.78552794,2.47091556,2.33691072,2.66059995,2.67438865,2.98466969,2.79978037,717.60943604,13.48307705,30.01190186,29.3008213,10.90731525,13.07718182,29.94781494,29.22227287,11.21860409
2016/02/12,24111.75,13217.91503906,328.47903442,357.96136475,347.95675659,345.68313599,345.10415649,343.01806641,351.68661499,324.73147583,626.24822998,604.95611572,634.47808838,596.82513428,577.63989258,614.79290771,598.89263916,597.41650391,1235.35107422,1188.66784668,1197.72253418,803.11193848,811.22790527,1.36336803,1.33305931,2.55111885,2.77175069,2.48029852,2.31636834,2.66693258,2.69171882,2.86832595,2.79978037,717.32226562,13.48307705,30.01190186,29.3008213,10.90731525,13.08328915,29.73720932,29.11466217,11.67029762
2016/02/13,23520.12109375,13001.35644531,328.6267395,356.95825195,347.48651123,343.73352051,337.41226196,334.20068359,345.40753174,315.54891968,629.29986572,608.28430176,636.19329834,600.93817139,569.95819092,610.50012207,591.86602783,590.86682129,1225.02001953,1179.71057129,1190.7722168,801.15490723,809.03222656,1.3432045,1.3661176,2.49891472,2.73098755,2.44614315,2.36992598,2.65719223,2.67202377,2.95110321,2.79978037,715.83892822,13.48307705,30.01190186,29.3008213,10.90731525,13.00088501,29.43815231,29.09329605,11.65501881
2016/02/14,24443.62695312,13121.76269531,328.74102783,357.67056274,348.80709839,345.2381897,344.10998535,341.2673645,351.6411438,323.21453857,629.76678467,608.43359375,635.61035156,599.63989258,578.01281738,616.03186035,598.49346924,598.13232422,1235.13122559,1186.85339355,1193.32763672,802.04064941,809.12988281,1.40207171,1.39482749,2.58497286,2.80625844,2.52543783,2.56135511,2.71085262,2.73274207,2.82457614,2.79978037,716.88214111,13.48307705,30.01190186,29.3008213,10.90731525,12.91544437,29.44731331,28.55312729,11.67947578
2016/02/15,24481.14648437,12970.86132813,328.05856323,358.04275513,349.41824341,345.47738647,343.92288208,341.84259033,352.63104248,324.10336304,630.7789917,609.4052124,636.61126709,598.75140381,579.33233643,618.33514404,600.36517334,599.51733398,1238.07055664,1188.77575684,1199.41088867,804.74487305,812.44042969,1.33803177,1.32013392,2.56523108,2.81541276,2.50069594,2.34931254,2.67404652,2.72272873,2.73046231,2.79978037,717.74676514,13.48307705,30.01190186,29.3008213,10.90731525,12.77824783,29.48118973,28.26025963,11.61214542
2016/02/16,23374.84960937,13817.20117188,335.3996582,364.97909546,356.57354736,352.77246094,351.23440552,348.2951355,359.49887085,330.48306274,636.90380859,616.52050781,643.23156738,606.35357666,584.71002197,623.76025391,605.19451904,604.59344482,1241.84460449,1193.71594238,1202.56396484,816.7711792,823.59924316,1.37640989,1.31105769,2.5462656,2.80275345,2.50582027,2.42431617,2.75498724,2.78016591,2.53196859,2.79978037,718.81567383,13.48307705,30.01190186,29.3008213,10.90731525,13.6143074,31.05563545,29.16046524,10.62654495
2016/02/17,24226.625,14463.35253906,333.82034302,364.0513916,353.40625,352.87973022,348.7930603,346.72845459,357.47903442,329.72509766,636.24859619,614.02178955,641.81292725,602.11083984,584.22613525,621.57769775,603.25567627,602.47595215,1249.62097168,1199.81542969,1210.27478027,821.49273682,827.69549561,1.4081074,1.39210486,2.70097613,2.973773,2.64359188,1.19430661,2.85180283,2.84060168,2.52267265,2.79978037,720.1282959,13.48307705,30.01190186,29.3008213,10.90731525,13.51970005,31.38828659,28.586689,10.59297466
2016/02/18,24454.81445312,14535.1796875,333.49829102,363.23468018,355.10083008,351.61172485,350.16256714,347.48123169,358.52484131,330.33383179,637.95050049,616.60681152,643.0513916,604.83990479,587.33099365,626.05407715,607.80822754,606.92523193,1248.08251953,1201.21398926,1212.59545898,819.6809082,826.74847412,1.46627867,1.48385048,2.77460766,3.01116395,2.72200251,1.54204631,2.92744946,2.88377571,2.51211572,2.79978037,720.61920166,13.48307705,30.01190186,29.3008213,10.90731525,13.55937386,31.073946,28.4401989,10.71810055
2016/02/19,24776.22851562,14716.62890625,327.13845825,356.72741699,350.12200928,344.28271484,342.39675903,339.95925903,351.11062622,321.93841553,633.19525146,612.54150391,637.42559814,599.90655518,578.86791992,619.6439209,598.89190674,598.71228027,1236.41210937,1185.83044434,1201.69006348,812.375,819.8225708,1.50333643,1.47438562,2.80203819,3.05313873,2.73940372,2.23222494,2.92464948,2.93889785,2.82229328,2.79978037,720.12390137,13.48307705,30.01190186,29.3008213,10.90731525,13.37088394,30.61223984,28.34864235,10.74194336
2016/02/20,24948.50585937,13782.66015625,326.94256592,356.11706543,349.97213745,345.38900757,344.83810425,341.50704956,352.88674927,323.91583252,635.91168213,614.84729004,639.62890625,602.69158936,583.9085083,623.49401855,604.58984375,604.41534424,1239.98791504,1190.30285645,1204.23327637,814.79040527,822.0982666,1.50363088,1.43980837,2.71244311,2.98567653,2.68406057,2.44792962,2.84295774,2.86099935,2.69233799,2.79978037,720.64215088,13.48307705,30.01190186,29.3008213,10.90731525,13.32596874,31.15275764,28.50813293,10.45709324
2016/02/21,24160.29882812,13448.234375,324.70941162,354.68380737,347.99459839,343.30004883,343.99353027,340.32116699,351.79196167,323.2225647,630.39599609,610.24499512,634.88214111,596.66564941,580.21160889,618.75793457,600.08148193,601.17797852,1238.26879883,1185.34326172,1200.69824219,814.86865234,822.15759277,1.48629153,1.4553808,2.61581826,2.91112471,2.60958838,2.76054716,2.75398707,2.78867149,2.86082697,2.79978037,720.63183594,13.48307705,30.01190186,29.3008213,10.90731525,13.36222458,31.34556198,28.51130486,10.45136833
2016/03/07,24547.28515625,15931.84277344,330.56741333,349.72079468,359.51358032,342.07940674,340.24841309,347.83883667,353.80990601,322.69052124,613.67126465,612.26220703,616.11889648,594.85522461,567.05169678,608.48815918,596.4956665,584.08862305,1231.19189453,1183.12902832,1190.77905273,811.53894043,814.45404053,1.20362997,0.97930092,2.87276435,2.85220122,2.89651752,1.83688152,2.83973932,2.9505322,2.6144979,2.44927692,711.02288818,13.48307705,30.01190186,29.3008213,10.90731525,13.31781673,28.76264,29.51504517,11.06587791
2016/03/08,25002.02539062,15616.13183594,328.64450073,348.84915161,357.8717041,341.38873291,343.87191772,352.50067139,357.88952637,326.91311646,618.73590088,614.77252197,620.95196533,597.92248535,578.18865967,618.65960693,606.96313477,594.10974121,1226.04040527,1182.82910156,1193.02490234,817.05108643,820.359375,1.18826437,0.95373154,2.97309399,2.95896125,2.94426274,2.58291411,2.81903744,2.95502734,2.55592442,2.27601385,711.17944336,13.48307705,30.01190186,29.3008213,10.90731525,13.34848118,29.30825996,29.26466942,10.85668373
2016/03/09,23969.77734375,14866.56933594,332.17211914,349.93850708,359.02456665,341.59237671,341.3107605,348.95370483,354.89639282,322.81021118,617.78027344,615.38342285,620.59002686,599.89556885,571.80255127,613.57385254,601.17797852,588.44793701,1228.84924316,1178.39990234,1189.00537109,817.04376221,820.26385498,1.15763247,0.94415504,2.77840734,2.78733277,2.78616285,2.31244993,2.72792292,2.84457159,2.5739634,2.38425112,696.65423584,13.48307705,30.01190186,29.3008213,10.90731525,13.35867119,29.6611042,29.50967979,10.97301865
2016/03/10,25001.82226562,15283.66210938,333.51437378,353.53549194,361.68087769,343.63217163,347.48794556,356.97415161,361.15487671,331.48995972,623.85015869,620.25463867,626.67578125,603.55584717,583.9395752,623.37506104,613.33514404,600.47918701,1214.76672363,1181.28601074,1195.00793457,820.33825684,825.59729004,1.12808132,0.92644531,2.93595147,2.97922516,2.97064066,2.72063518,2.80698657,2.98435163,2.51883245,2.58823419,697.58032227,13.48307705,30.01190186,29.3008213,10.90731525,13.31557655,29.8551693,29.2755127,10.82582855
